GRAMA,ZA
DRIM,CA
SILEX,TN
SILEX,GB
SOC,TR
BD,TN
BD,RO
BD,ES
BD,GR
BD,DE
DRIM,DZ
GRAMA,US
GRAMA,GB
GRAMA,US
GRAMA,AT
IMAGINE,CO
IMAGINE,RO
SILEX,DE
SOC,DE
SOC,US
SOC,CN
SOC,PK
SOC,GB
IMAGINE,IE
IMAGINE,US
IMAGINE,IE
SOC,US
BD,AT
BD,BE
BD,IT
BD,US
BD,NL
DRIM,US
DRIM,ES
DRIM,IL
DRIM,DE
IMAGINE,DE
IMAGINE,CA
IMAGINE,AU
IMAGINE,US
IMAGINE,CA
IMAGINE,CL
SOC,BE
SOC,VN
IMAGINE,BE
IMAGINE,DZ
M2DISCO,CN
BD,CA
BD,US
BD,DZ
DM2L,TR
DRIM,IE
DRIM,GB
GEOMOD,NZ
GRAMA,TN
M2DISCO,CL
M2DISCO,IT
M2DISCO,TN
M2DISCO,IT
R3AM,DE
SAARA,CL
SILEX,PT
SILEX,US
SILEX,CA
SOC,DE
R3AM,US
R3AM,US
R3AM,CH
BD,DE
DRIM,US
M2DISCO,BR
M2DISCO,DE
R3AM,US
R3AM,NC
R3AM,GB
SOC,US
M2DISCO,BE
SOC,CH
SOC,DE
SOC,DE
M2DISCO,CL
M2DISCO,CL
M2DISCO,CN
SILEX,MA
BD,US
DRIM,DE
DRIM,IT
DRIM,TN
GEOMOD,DE
GEOMOD,US
GEOMOD,NC
GRAMA,US
GRAMA,CN
GRAMA,KR
IMAGINE,CH
IMAGINE,US
IMAGINE,BE
IMAGINE,MX
M2DISCO,ET
M2DISCO,DE
M2DISCO,RO
M2DISCO,DE
M2DISCO,IL
M2DISCO,US
M2DISCO,IT
M2DISCO,RS
M2DISCO,BE
R3AM,BR
SAARA,AE
SAARA,DZ
SAARA,IT
SILEX,IT
SILEX,IT
SILEX,US
SILEX,CY
SILEX,NC
SILEX,TN
SILEX,TN
SILEX,GB
SOC,GB
SOC,DE
SILEX,DE
DM2L,US
GRAMA,IE
R3AM,US
SOC,US
SOC,DE
SAARA,IT
SAARA,IT
SAARA,CL
SAARA,GR
SAARA,IT
SAARA,IN
SAARA,GB
M2DISCO,DE
M2DISCO,CL
SAARA,CH
SAARA,IT
SAARA,IT
SAARA,DE
SAARA,CA
BD,CN
BD,GB
SAARA,AE
SAARA,DZ
DRIM,BE
M2DISCO,CH
IMAGINE,DE
IMAGINE,DE
IMAGINE,KR
IMAGINE,DZ
IMAGINE,DZ
IMAGINE,DZ
SILEX,US
SOC,AT
DRIM,US
DRIM,LT
SAARA,PK
R3AM,CA
R3AM,TN
R3AM,TN
R3AM,ES
R3AM,GR
SAARA,CL
SOC,CH
SOC,DZ
SOC,US
SOC,LT
DRIM,ES
GRAMA,DE
GRAMA,CA
DM2L,LT
DRIM,CA
GRAMA,CL
BD,CA
IMAGINE,ES
IMAGINE,GB
IMAGINE,DE
M2DISCO,US
M2DISCO,BE
M2DISCO,US
M2DISCO,KR
IMAGINE,CZ
DM2L,US
IMAGINE,US
M2DISCO,US
SILEX,CH
SILEX,CA
BD,DK
IMAGINE,NC
IMAGINE,BE
GRAMA,CN
GRAMA,DE
GRAMA,IE
GRAMA,CH
IMAGINE,ES
IMAGINE,CA
SILEX,US
SOC,BR
DRIM,KR
DM2L,DK
DM2L,DE
M2DISCO,KR
BD,DZ
DRIM,US
SOC,US
DRIM,US
SILEX,LB
BD,SE
BD,DZ
BD,DZ
BD,CA
BD,CN
BD,SG
BD,KR
DM2L,KR
DRIM,IT
DRIM,PT
DRIM,GB
DRIM,BR
DRIM,CA
DRIM,CZ
DRIM,AU
DRIM,BR
DRIM,ES
DRIM,TN
DRIM,DZ
DRIM,BE
DRIM,IT
GEOMOD,IT
GEOMOD,DZ
GEOMOD,DZ
GRAMA,CH
GRAMA,GB
GRAMA,BE
GRAMA,ES
IMAGINE,DK
M2DISCO,KR
SAARA,US
SAARA,IT
SILEX,IE
SILEX,RO
SILEX,IL
SILEX,BR
SILEX,CA
SOC,DE
SOC,US
SILEX,DE
SILEX,TN
BD,CL
M2DISCO,BR
M2DISCO,IL
M2DISCO,DE
SOC,IE
SOC,AT
M2DISCO,GB
BD,DE
DM2L,DE
DM2L,FI
DM2L,NZ
DM2L,ET
GRAMA,US
IMAGINE,GB
IMAGINE,GB
M2DISCO,TN
M2DISCO,IT
M2DISCO,ES
M2DISCO,US
M2DISCO,BE
M2DISCO,CA
M2DISCO,DZ
M2DISCO,GB
SILEX,DE
SOC,IT
SOC,NL
IMAGINE,IE
IMAGINE,IT
IMAGINE,DZ
BD,PT
R3AM,RO
SILEX,IT
BD,VN
DRIM,NL
DRIM,DZ
BD,DE
DM2L,DZ
DM2L,GB
DRIM,IT
DRIM,US
DRIM,ES
DRIM,TN
M2DISCO,CA
SAARA,IE
SILEX,GB
DRIM,NC
SOC,NO
SILEX,CA
SILEX,DZ
SILEX,DZ
SILEX,US
SILEX,ES
BD,DE
BD,DZ
BD,CZ
BD,CZ
BD,CA
SAARA,IE
SAARA,CA
SILEX,US
SILEX,CN
SILEX,PT
SILEX,CH
SILEX,DE
BD,IE
BD,CL
DRIM,CA
IMAGINE,GR
IMAGINE,PT
M2DISCO,BE
M2DISCO,BE
M2DISCO,BD
BD,TH
M2DISCO,BE
BD,US
BD,CL
BD,BR
BD,GB
BD,VN
BD,AU
DM2L,CL
DM2L,VN
DM2L,CL
DRIM,LB
DRIM,TN
DRIM,IE
DRIM,ES
DRIM,DE
DRIM,PT
DRIM,DE
DRIM,LB
DRIM,MX
DRIM,DZ
DRIM,IT
M2DISCO,CA
SILEX,GB
SILEX,IT
DM2L,JP
DM2L,CL
DM2L,IE
BD,US
BD,ES
BD,DE
IMAGINE,BE
BD,IT
BD,IT
DM2L,CA
DM2L,IT
SAARA,GB
BD,AT
DRIM,MA
SAARA,AE
SOC,TN
SOC,CA
SOC,DE
SOC,US
SOC,US
SOC,JP
DM2L,NO
SOC,DE
BD,JP
DM2L,DZ
DRIM,GR
IMAGINE,GB
M2DISCO,GB
SILEX,GB
SILEX,RU
SOC,MA
SOC,TN
SOC,DZ
SOC,KR
SOC,US
SOC,RO
BD,US
BD,KR
BD,BD
DM2L,DE
DRIM,NO
DRIM,NL
DRIM,TR
M2DISCO,US
M2DISCO,DE
R3AM,DK
SAARA,US
SAARA,JP
SAARA,DE
SAARA,BE
SOC,JP
SOC,JP
SOC,KR
SOC,SE
SOC,IT
SOC,NL
SOC,IT
SOC,IT
DM2L,RO
SOC,PT
M2DISCO,US
GRAMA,DE
IMAGINE,NZ
IMAGINE,AT
IMAGINE,CN
IMAGINE,US
IMAGINE,CH
SILEX,AT
GEOMOD,TH
GEOMOD,US
R3AM,JP
SILEX,BE
SILEX,AT
DM2L,CN
DRIM,JP
M2DISCO,JP
M2DISCO,JP
M2DISCO,CN
SOC,CH
BD,MY
GRAMA,KR
SOC,DZ
SOC,DZ
DM2L,US
BD,AE
DM2L,US
DM2L,CN
M2DISCO,CN
DM2L,CN